time,chill-bwd-compile-autotune (ms),flex-bwd-compile-autotune (ms)
128.000000,0.055588,0.023884
2085.000000,2.572913,0.998178
4042.000000,9.218262,3.053840
6000.000000,18.936157,6.515705
