time,chill-bwd-compile-autotune (ms),flex-bwd-compile-autotune (ms)
128.000000,0.053633,0.027986
2085.000000,0.346363,0.531383
4042.000000,0.641703,1.001486
6000.000000,1.457473,1.376429
