time,chill-fwd-compile-autotune,flex-fwd-compile-autotune
128.000000,0.033818,0.023769
2096.000000,3.766019,3.549057
4064.000000,13.024917,12.417941
6032.000000,28.752934,27.714802
8000.000000,49.351278,47.680692
