time,chill-fwd-compile-autotune,flex-fwd-compile-autotune
128.000000,0.050853,0.048721
2096.000000,0.875677,1.640935
4064.000000,1.471820,3.177558
6032.000000,2.503700,4.796898
8000.000000,2.932954,6.173231
