time,chill-bwd-compile-autotune (ms),flex-bwd-compile-autotune (ms)
128.000000,0.062528,0.026361
2085.000000,2.250441,1.689051
4042.000000,7.885748,5.529281
6000.000000,15.890380,11.562197
