time,chill-bwd-compile-autotune (ms),flex-bwd-compile-autotune (ms)
128.000000,0.050537,0.024814
2085.000000,0.313836,0.259623
4042.000000,0.577134,0.489159
6000.000000,1.000355,0.642457
