time,chill-bwd-compile-autotune (ms),flex-bwd-compile-autotune (ms)
128.000000,0.068916,0.027553
2085.000000,0.451979,0.530577
4042.000000,0.846613,0.999249
6000.000000,2.054446,1.381094
