time,chill-fwd-compile-autotune (ms),flex-fwd-compile-autotune (ms)
128.000000,0.059261,0.055012
2096.000000,3.563604,4.030879
4064.000000,11.651502,11.433832
6032.000000,25.309191,25.038405
8000.000000,42.979362,41.255597
