time,chill-bwd-compile-autotune (ms),flex-bwd-compile-autotune (ms)
128.000000,0.048833,0.023731
2085.000000,1.065402,0.987139
4042.000000,3.614264,3.022293
6000.000000,7.082190,6.390847
