time,chill-bwd-compile-autotune (ms),flex-bwd-compile-autotune (ms)
128.000000,0.065834,0.027112
2085.000000,2.228399,1.060050
4042.000000,7.852576,3.247534
6000.000000,17.519058,6.373605
