time,chill-bwd-compile-autotune (ms),flex-bwd-compile-autotune (ms)
128.000000,0.059671,0.027197
2085.000000,0.438288,0.472261
4042.000000,0.824105,0.889736
6000.000000,1.690099,1.243398
