time,chill-fwd-compile-autotune (ms),flex-fwd-compile-autotune (ms)
128.000000,0.010858,0.005319
2085.000000,0.043916,0.052983
4042.000000,0.076902,0.112684
6000.000000,0.117399,0.125132
