time,chill-fwd-compile-autotune (ms),flex-fwd-compile-autotune (ms)
128.000000,0.011950,0.005414
2085.000000,0.055405,0.103843
4042.000000,0.100350,0.202008
6000.000000,0.213186,0.279560
