time,chill-fwd-compile-autotune (ms),flex-fwd-compile-autotune (ms)
128.000000,0.010567,0.011861
2085.000000,0.100356,0.190443
4042.000000,0.152435,0.361777
6000.000000,0.219965,0.417652
