time,chill-fwd-compile-autotune (ms),flex-fwd-compile-autotune (ms)
128.000000,0.011424,0.005418
2085.000000,0.053772,0.104214
4042.000000,0.097731,0.202291
6000.000000,0.208859,0.280156
