time,chill-bwd-compile-autotune (ms),flex-bwd-compile-autotune (ms)
128.000000,0.053866,0.025345
2085.000000,0.419231,0.259853
4042.000000,0.781764,0.490176
6000.000000,1.451323,0.678894
