time,chill-bwd-compile-autotune (ms),flex-bwd-compile-autotune (ms)
128.000000,0.059471,0.027200
2085.000000,1.292448,1.045501
4042.000000,4.277395,3.189360
6000.000000,8.865062,6.275705
