time,chill-fwd-compile-autotune (ms),flex-fwd-compile-autotune (ms)
128.000000,0.052056,0.055757
2096.000000,1.331405,1.551286
4064.000000,2.490513,2.199670
6032.000000,3.742504,3.710468
8000.000000,5.060880,4.154516
