time,chill-bwd-compile-autotune (ms),flex-bwd-compile-autotune (ms)
128.000000,0.049920,0.062715
2085.000000,2.285002,1.952532
4042.000000,7.478845,6.089014
6000.000000,15.685321,11.218392
