time,chill-fwd-compile-autotune (ms),flex-fwd-compile-autotune (ms)
128.000000,0.012436,0.005395
2085.000000,0.056597,0.104167
4042.000000,0.102460,0.201367
6000.000000,0.212954,0.278340
