time,chill-fwd-compile-autotune (ms),flex-fwd-compile-autotune (ms)
128.000000,0.012607,0.011191
2085.000000,0.567384,0.647189
4042.000000,1.773039,2.006972
6000.000000,3.544299,3.773381
