time,chill-fwd-compile-autotune (ms),flex-fwd-compile-autotune (ms)
128.000000,0.010438,0.011075
2085.000000,0.123587,0.225981
4042.000000,0.208675,0.502104
6000.000000,0.310870,0.679591
