time,chill-fwd-compile-autotune (ms),flex-fwd-compile-autotune (ms)
128.000000,0.013468,0.012592
2085.000000,0.420749,0.515798
4042.000000,1.144582,1.452719
6000.000000,2.261843,2.371007
