time,chill-bwd-compile-autotune (ms),flex-bwd-compile-autotune (ms)
128.000000,0.064124,0.027809
2085.000000,0.428706,0.531603
4042.000000,0.805071,0.997197
6000.000000,1.777131,1.376566
