time,chill-fwd-compile-autotune (ms),flex-fwd-compile-autotune (ms)
128.000000,0.011110,0.004912
2085.000000,0.223762,0.216245
4042.000000,0.810574,0.776942
6000.000000,1.388328,1.573901
