time,chill-fwd-compile-autotune,flex-fwd-compile-autotune
128.000000,0.050839,0.050300
2096.000000,0.875550,1.646192
4064.000000,1.471179,3.188499
6032.000000,2.503770,4.799573
8000.000000,2.923296,6.174789
