time,chill-bwd-compile-autotune (ms),flex-bwd-compile-autotune (ms)
128.000000,0.047634,0.024747
2085.000000,0.291914,0.299733
4042.000000,0.535258,0.565502
6000.000000,1.005410,0.769920
