time,chill-fwd-compile-autotune (ms),flex-fwd-compile-autotune (ms)
128.000000,0.011738,0.005626
2085.000000,0.069516,0.091834
4042.000000,0.128200,0.173158
6000.000000,0.234137,0.244237
