time,chill-fwd-compile-autotune (ms),flex-fwd-compile-autotune (ms)
128.000000,0.012097,0.005422
2085.000000,0.055603,0.103821
4042.000000,0.100461,0.201859
6000.000000,0.213342,0.279338
