time,chill-bwd-compile-autotune (ms),flex-bwd-compile-autotune (ms)
128.000000,0.053997,0.061270
2085.000000,0.930048,1.132298
4042.000000,1.773554,2.142019
6000.000000,2.567670,2.977925
