time,chill-bwd-compile-autotune (ms),flex-bwd-compile-autotune (ms)
128.000000,0.051221,0.062626
2085.000000,0.791154,1.356852
4042.000000,1.486235,2.619083
6000.000000,2.195207,3.570440
