time,chill-fwd-compile-autotune (ms),flex-fwd-compile-autotune (ms)
128.000000,0.010848,0.004777
2085.000000,0.141875,0.149658
4042.000000,0.480376,0.462076
6000.000000,0.848661,0.870084
