time,chill-fwd-compile-autotune (ms),flex-fwd-compile-autotune (ms)
128.000000,0.038672,0.024064
2096.000000,2.141963,1.701823
4064.000000,6.754297,5.249800
6032.000000,14.690167,11.684520
8000.000000,24.738626,18.297058
