time,chill-fwd-compile-autotune,flex-fwd-compile-autotune
128.000000,0.029297,0.025570
2096.000000,0.585673,0.707766
4064.000000,1.141607,1.370764
6032.000000,1.699887,2.050997
8000.000000,2.194226,2.514167
