time,chill-fwd-compile-autotune (ms),flex-fwd-compile-autotune (ms)
128.000000,0.012775,0.011660
2085.000000,0.356931,0.399969
4042.000000,1.063549,1.371337
6000.000000,2.239103,2.186793
