time,chill-bwd-compile-autotune,flex-bwd-compile-autotune
128.000000,2.465561,1.750506
2096.000000,40.133139,21.505566
4064.000000,148.652776,68.113954
6032.000000,314.825775,149.425761
8000.000000,563.127747,241.508945
