time,chill-bwd-compile-autotune (ms),flex-bwd-compile-autotune (ms)
128.000000,3.690279,2.800115
2096.000000,35.865325,18.885476
4064.000000,127.561568,61.132853
6032.000000,277.619792,135.632089
8000.000000,477.238235,224.521286
