time,chill-bwd-compile-autotune,flex-bwd-compile-autotune
128.000000,2.671493,1.707813
2096.000000,4.369597,3.023083
4064.000000,8.603941,5.580413
6032.000000,12.670108,8.771874
8000.000000,16.953273,11.215280
