time,chill-fwd-compile-autotune (ms),flex-fwd-compile-autotune (ms)
128.000000,0.050257,0.052274
2096.000000,0.767832,1.617075
4064.000000,1.461259,2.842017
6032.000000,2.194031,4.749137
8000.000000,2.893753,5.394054
