time,chill-fwd-compile-autotune (ms),flex-fwd-compile-autotune (ms)
128.000000,0.010355,0.011201
2085.000000,0.558366,0.564411
4042.000000,1.740023,1.774554
6000.000000,3.652242,3.644224
