time,chill-bwd-compile-autotune (ms),flex-bwd-compile-autotune (ms)
128.000000,2.784273,2.233955
2096.000000,5.662722,2.926120
4064.000000,10.968723,4.943877
6032.000000,16.351487,8.259171
8000.000000,21.576839,9.132912
