time,chill-fwd-compile-autotune (ms),flex-fwd-compile-autotune (ms)
128.000000,0.011852,0.011825
2085.000000,0.371159,0.421254
4042.000000,1.078777,1.373343
6000.000000,2.175764,2.196450
