time,chill-fwd-compile-autotune (ms),flex-fwd-compile-autotune (ms)
128.000000,0.010933,0.011701
2085.000000,0.118676,0.159688
4042.000000,0.180272,0.302379
6000.000000,0.250401,0.366723
