time,chill-bwd-compile-autotune (ms),flex-bwd-compile-autotune (ms)
128.000000,0.062009,0.063750
2085.000000,1.850300,1.962038
4042.000000,5.682192,6.091874
6000.000000,11.872825,11.342009
