time,chill-fwd-compile-autotune (ms),flex-fwd-compile-autotune (ms)
128.000000,0.010764,0.004983
2085.000000,0.217955,0.212480
4042.000000,0.790184,0.702949
6000.000000,1.304156,1.536380
