time,chill-fwd-compile-autotune (ms),flex-fwd-compile-autotune (ms)
128.000000,0.011997,0.012046
2085.000000,0.412488,0.400329
4042.000000,1.042637,1.334900
6000.000000,2.214837,2.370458
