time,chill-fwd-compile-autotune (ms),flex-fwd-compile-autotune (ms)
128.000000,0.011201,0.005571
2085.000000,0.065286,0.092367
4042.000000,0.120040,0.174546
6000.000000,0.221651,0.246149
