time,chill-fwd-compile-autotune (ms),flex-fwd-compile-autotune (ms)
128.000000,0.010832,0.005351
2085.000000,0.040756,0.053075
4042.000000,0.074099,0.113156
6000.000000,0.119522,0.125476
