time,chill-bwd-compile-autotune (ms),flex-bwd-compile-autotune (ms)
128.000000,0.067423,0.027613
2085.000000,0.453038,0.529232
4042.000000,0.847720,0.996063
6000.000000,2.070230,1.380383
