time,chill-bwd-compile-autotune (ms),flex-bwd-compile-autotune (ms)
128.000000,0.046676,0.023901
2085.000000,0.828005,0.624677
4042.000000,2.691419,1.784038
6000.000000,5.607663,3.391747
