time,chill-fwd-compile-autotune (ms),flex-fwd-compile-autotune (ms)
128.000000,0.011991,0.005687
2085.000000,0.054855,0.103250
4042.000000,0.099443,0.200613
6000.000000,0.212883,0.277381
