time,chill-bwd-compile-autotune (ms),flex-bwd-compile-autotune (ms)
128.000000,0.052947,0.060096
2085.000000,1.869531,1.969018
4042.000000,5.847529,6.466776
6000.000000,13.733251,11.035180
