time,chill-bwd-compile-autotune (ms),flex-bwd-compile-autotune (ms)
128.000000,0.060966,0.027307
2085.000000,0.337655,0.530451
4042.000000,0.629994,0.998784
6000.000000,1.526569,1.380415
