time,chill-fwd-compile-autotune (ms),flex-fwd-compile-autotune (ms)
128.000000,0.010683,0.009553
2085.000000,0.633125,0.554234
4042.000000,1.838461,1.784994
6000.000000,3.250744,3.901175
