time,chill-bwd-compile-autotune (ms),flex-bwd-compile-autotune (ms)
128.000000,4.117333,2.806087
2096.000000,4.899474,7.836502
4064.000000,9.469122,14.974222
6032.000000,14.080624,23.786786
8000.000000,18.676298,29.030714
