time,chill-fwd-compile-autotune (ms),flex-fwd-compile-autotune (ms)
128.000000,0.011656,0.005450
2085.000000,0.071002,0.092253
4042.000000,0.129725,0.173982
6000.000000,0.235872,0.245479
