time,chill-bwd-compile-autotune (ms),flex-bwd-compile-autotune (ms)
128.000000,0.047453,0.065567
2085.000000,0.521808,0.882007
4042.000000,0.978893,1.710395
6000.000000,1.379518,2.308341
