time,chill-bwd-compile-autotune (ms),flex-bwd-compile-autotune (ms)
128.000000,0.064936,0.026399
2085.000000,1.435813,1.058220
4042.000000,4.552880,3.198215
6000.000000,9.062111,6.326372
