time,chill-bwd-compile-autotune (ms),flex-bwd-compile-autotune (ms)
128.000000,0.061414,0.027195
2085.000000,0.529472,0.469564
4042.000000,1.001564,0.851374
6000.000000,1.906443,1.239520
