time,chill-fwd-compile-autotune (ms),flex-fwd-compile-autotune (ms)
128.000000,0.010846,0.009582
2085.000000,0.132796,0.268189
4042.000000,0.214249,0.480044
6000.000000,0.314224,0.697949
