time,chill-bwd-compile-autotune (ms),flex-bwd-compile-autotune (ms)
128.000000,0.054877,0.026285
2085.000000,1.352033,1.057800
4042.000000,4.389156,3.186293
6000.000000,9.425444,6.293145
