time,chill-bwd-compile-autotune (ms),flex-bwd-compile-autotune (ms)
128.000000,0.070437,0.061563
2085.000000,1.311510,1.186029
4042.000000,2.516194,2.187789
6000.000000,3.430234,2.971156
