time,chill-bwd-compile-autotune (ms),flex-bwd-compile-autotune (ms)
128.000000,0.046388,0.023917
2085.000000,1.372318,0.978438
4042.000000,4.866051,3.007998
6000.000000,11.318456,6.378132
