time,chill-bwd-compile-autotune (ms),flex-bwd-compile-autotune (ms)
128.000000,0.043438,0.062794
2085.000000,0.524093,0.873154
4042.000000,0.982294,1.678606
6000.000000,1.392093,2.298849
