time,chill-fwd-compile-autotune (ms),flex-fwd-compile-autotune (ms)
128.000000,0.010930,0.005114
2085.000000,0.373227,0.385285
4042.000000,1.515942,1.300836
6000.000000,2.634788,2.719418
