time,chill-bwd-compile-autotune (ms),flex-bwd-compile-autotune (ms)
128.000000,0.056097,0.058281
2085.000000,2.617883,2.916823
4042.000000,8.740152,9.162539
6000.000000,18.618013,17.613797
