time,chill-fwd-compile-autotune (ms),flex-fwd-compile-autotune (ms)
128.000000,0.010875,0.005058
2085.000000,0.140609,0.145848
4042.000000,0.479087,0.453955
6000.000000,0.846868,0.866541
