time,chill-fwd-compile-autotune (ms),flex-fwd-compile-autotune (ms)
128.000000,0.011286,0.005238
2085.000000,0.039034,0.060782
4042.000000,0.069617,0.109608
6000.000000,0.127855,0.145006
