time,chill-bwd-compile-autotune (ms),flex-bwd-compile-autotune (ms)
128.000000,0.051358,0.062679
2085.000000,0.794843,1.381791
4042.000000,1.500456,2.618917
6000.000000,2.236958,3.571274
