time,chill-fwd-compile-autotune (ms),flex-fwd-compile-autotune (ms)
128.000000,0.011589,0.005441
2085.000000,0.070612,0.091723
4042.000000,0.130113,0.172997
6000.000000,0.235259,0.244110
