time,chill-bwd-compile-autotune,flex-bwd-compile-autotune
128.000000,2.536259,1.634433
2096.000000,20.902120,7.991929
4064.000000,74.850089,25.627135
6032.000000,159.734474,55.778342
8000.000000,269.025513,92.437579
