time,chill-fwd-compile-autotune (ms),flex-fwd-compile-autotune (ms)
128.000000,0.011106,0.005041
2085.000000,0.230704,0.233129
4042.000000,0.838400,0.767308
6000.000000,1.781621,1.562473
