time,chill-fwd-compile-autotune (ms),flex-fwd-compile-autotune (ms)
128.000000,0.011089,0.008984
2085.000000,0.500863,0.538460
4042.000000,1.533657,1.783731
6000.000000,3.135611,3.675847
