time,chill-fwd-compile-autotune (ms),flex-fwd-compile-autotune (ms)
128.000000,0.056522,0.051662
2096.000000,1.116447,1.539271
4064.000000,2.129450,2.194035
6032.000000,3.206123,3.698857
8000.000000,4.265270,4.152040
