time,chill-fwd-compile-autotune (ms),flex-fwd-compile-autotune (ms)
128.000000,0.011442,0.005369
2085.000000,0.412763,0.392348
4042.000000,1.506813,1.323624
6000.000000,2.687369,2.626531
