time,chill-fwd-compile-autotune (ms),flex-fwd-compile-autotune (ms)
128.000000,0.012438,0.005845
2085.000000,0.225060,0.229006
4042.000000,0.819133,0.756806
6000.000000,1.462343,1.527959
