time,chill-bwd-compile-autotune (ms),flex-bwd-compile-autotune (ms)
128.000000,0.053268,0.024444
2085.000000,1.438946,0.630906
4042.000000,4.725246,1.790540
6000.000000,9.444769,3.571177
