time,chill-fwd-compile-autotune (ms),flex-fwd-compile-autotune (ms)
128.000000,0.011601,0.005510
2085.000000,0.227135,0.231935
4042.000000,0.828682,0.769474
6000.000000,1.477836,1.553251
