time,chill-fwd-compile-autotune (ms),flex-fwd-compile-autotune (ms)
128.000000,0.012389,0.005413
2085.000000,0.056313,0.103186
4042.000000,0.102034,0.200605
6000.000000,0.212217,0.278195
