time,chill-bwd-compile-autotune (ms),flex-bwd-compile-autotune (ms)
128.000000,0.049436,0.024833
2085.000000,0.796317,0.628652
4042.000000,2.612297,1.783310
6000.000000,5.595695,3.551533
