time,chill-bwd-compile-autotune (ms),flex-bwd-compile-autotune (ms)
128.000000,0.075165,0.063839
2085.000000,4.839834,2.919158
4042.000000,16.191884,9.223771
6000.000000,27.924203,17.333212
