time,chill-fwd-compile-autotune (ms),flex-fwd-compile-autotune (ms)
128.000000,0.011392,0.009178
2085.000000,0.940227,0.957416
4042.000000,2.919743,3.156223
6000.000000,6.025411,6.360337
