time,chill-bwd-compile-autotune (ms),flex-bwd-compile-autotune (ms)
128.000000,0.055901,0.024324
2085.000000,2.583130,0.966025
4042.000000,9.213520,2.997781
6000.000000,19.525391,6.362326
