time,chill-fwd-compile-autotune (ms),flex-fwd-compile-autotune (ms)
128.000000,0.012028,0.012445
2085.000000,0.112079,0.151485
4042.000000,0.178714,0.299724
6000.000000,0.252828,0.358763
