time,chill-fwd-compile-autotune (ms),flex-fwd-compile-autotune (ms)
128.000000,0.010744,0.004817
2085.000000,0.140330,0.149586
4042.000000,0.482459,0.464877
6000.000000,0.855087,0.870538
