time,chill-bwd-compile-autotune (ms),flex-bwd-compile-autotune (ms)
128.000000,0.047101,0.024757
2085.000000,0.228907,0.299145
4042.000000,0.413718,0.565490
6000.000000,0.847395,0.768606
