time,chill-bwd-compile-autotune (ms),flex-bwd-compile-autotune (ms)
128.000000,0.053140,0.062470
2085.000000,2.568379,2.917224
4042.000000,8.431440,9.256606
6000.000000,17.460270,17.648891
