time,chill-fwd-compile-autotune (ms),flex-fwd-compile-autotune (ms)
128.000000,0.011792,0.005715
2085.000000,0.233724,0.229561
4042.000000,0.849096,0.771425
6000.000000,1.540422,1.541722
