time,chill-fwd-compile-autotune (ms),flex-fwd-compile-autotune (ms)
128.000000,0.011097,0.005286
2085.000000,0.045154,0.053199
4042.000000,0.079111,0.113206
6000.000000,0.117672,0.126771
