time,chill-fwd-compile-autotune (ms),flex-fwd-compile-autotune (ms)
128.000000,0.010652,0.010883
2085.000000,0.100307,0.175428
4042.000000,0.152529,0.348541
6000.000000,0.215056,0.412405
