time,chill-fwd-compile-autotune (ms),flex-fwd-compile-autotune (ms)
128.000000,0.010055,0.011647
2085.000000,0.094293,0.151010
4042.000000,0.146830,0.355755
6000.000000,0.208331,0.416162
