time,chill-bwd-compile-autotune (ms),flex-bwd-compile-autotune (ms)
128.000000,0.071178,0.027316
2085.000000,2.245148,1.051966
4042.000000,7.553784,3.191676
6000.000000,16.151890,6.212936
