time,chill-fwd-compile-autotune (ms),flex-fwd-compile-autotune (ms)
128.000000,0.010796,0.004890
2085.000000,0.219582,0.213086
4042.000000,0.790541,0.705769
6000.000000,1.346888,1.552915
