time,chill-bwd-compile-autotune,flex-bwd-compile-autotune
128.000000,2.235383,1.667333
2096.000000,37.011718,22.453673
4064.000000,133.635515,67.758066
6032.000000,290.641724,147.020627
8000.000000,499.994232,241.704250
