time,chill-bwd-compile-autotune (ms),flex-bwd-compile-autotune (ms)
128.000000,0.048720,0.024653
2085.000000,0.302424,0.298532
4042.000000,0.552017,0.564938
6000.000000,1.194138,0.768645
