time,chill-bwd-compile-autotune (ms),flex-bwd-compile-autotune (ms)
128.000000,0.045530,0.023990
2085.000000,1.006605,0.981692
4042.000000,3.480144,3.011610
6000.000000,6.955756,6.410746
