time,chill-bwd-compile-autotune (ms),flex-bwd-compile-autotune (ms)
128.000000,0.054227,0.062350
2085.000000,0.642781,0.734245
4042.000000,1.203291,1.332839
6000.000000,1.815516,1.891789
