time,chill-fwd-compile-autotune (ms),flex-fwd-compile-autotune (ms)
128.000000,0.056371,0.051622
2096.000000,6.011231,6.417228
4064.000000,21.297757,22.656221
6032.000000,47.033750,47.292339
8000.000000,80.756713,78.927303
