time,chill-bwd-compile-autotune (ms),flex-bwd-compile-autotune (ms)
128.000000,0.049054,0.023883
2085.000000,0.644864,0.626699
4042.000000,2.057091,1.789084
6000.000000,3.625715,3.399655
