time,chill-bwd-compile-autotune (ms),flex-bwd-compile-autotune (ms)
128.000000,3.563868,2.845666
2096.000000,8.057380,6.191561
4064.000000,15.559688,11.176833
6032.000000,23.418113,18.128513
8000.000000,31.395768,21.396830
