time,chill-bwd-compile-autotune (ms),flex-bwd-compile-autotune (ms)
128.000000,0.063913,0.027555
2085.000000,0.428538,0.528643
4042.000000,0.802636,0.994443
6000.000000,1.781433,1.376678
