time,chill-fwd-compile-autotune (ms),flex-fwd-compile-autotune (ms)
128.000000,0.010888,0.009621
2085.000000,0.101080,0.151225
4042.000000,0.167983,0.413698
6000.000000,0.213712,0.392253
