time,chill-fwd-compile-autotune (ms),flex-fwd-compile-autotune (ms)
128.000000,0.056664,0.048078
2096.000000,3.512197,4.047927
4064.000000,11.465485,11.188299
6032.000000,24.895135,25.447433
8000.000000,42.180420,41.564412
