time,chill-bwd-compile-autotune (ms),flex-bwd-compile-autotune (ms)
128.000000,0.065926,0.027293
2085.000000,2.237069,1.046501
4042.000000,7.966614,3.166552
6000.000000,17.537505,6.197866
