time,chill-fwd-compile-autotune (ms),flex-fwd-compile-autotune (ms)
128.000000,0.011489,0.005455
2085.000000,0.063829,0.091736
4042.000000,0.118354,0.172878
6000.000000,0.233695,0.243902
