time,chill-bwd-compile-autotune (ms),flex-bwd-compile-autotune (ms)
128.000000,0.065932,0.027422
2085.000000,0.634228,0.499712
4042.000000,1.207123,0.853446
6000.000000,2.369532,1.241919
