time,chill-fwd-compile-autotune (ms),flex-fwd-compile-autotune (ms)
128.000000,0.012351,0.005383
2085.000000,0.056486,0.103886
4042.000000,0.102346,0.201852
6000.000000,0.212899,0.279298
