time,chill-bwd-compile-autotune (ms),flex-bwd-compile-autotune (ms)
128.000000,0.063643,0.027781
2085.000000,0.427053,0.528390
4042.000000,0.801884,0.994712
6000.000000,1.775482,1.342192
