time,chill-bwd-compile-autotune (ms),flex-bwd-compile-autotune (ms)
128.000000,3.797920,3.169970
2096.000000,5.545142,8.016443
4064.000000,10.678530,15.348158
6032.000000,15.839587,24.297049
8000.000000,21.111441,29.734258
