time,chill-bwd-compile-autotune (ms),flex-bwd-compile-autotune (ms)
128.000000,0.071402,0.026290
2085.000000,2.213288,1.066131
4042.000000,7.747178,3.258166
6000.000000,16.586523,6.409954
