time,chill-fwd-compile-autotune (ms),flex-fwd-compile-autotune (ms)
128.000000,0.010755,0.009042
2085.000000,0.846065,0.894614
4042.000000,2.828952,3.052992
6000.000000,6.709558,6.148086
