time,chill-bwd-compile-autotune (ms),flex-bwd-compile-autotune (ms)
128.000000,0.061405,0.026069
2085.000000,2.230564,1.690421
4042.000000,7.746949,5.522334
6000.000000,17.154278,11.320285
