time,chill-fwd-compile-autotune (ms),flex-fwd-compile-autotune (ms)
128.000000,0.010720,0.005110
2085.000000,0.139766,0.146069
4042.000000,0.477408,0.451790
6000.000000,0.943633,0.855407
