time,chill-bwd-compile-autotune (ms),flex-bwd-compile-autotune (ms)
128.000000,0.064993,0.061955
2085.000000,1.062805,1.134272
4042.000000,2.038714,2.131929
6000.000000,2.932384,2.978525
