time,chill-bwd-compile-autotune (ms),flex-bwd-compile-autotune (ms)
128.000000,0.065557,0.063018
2085.000000,0.941324,1.442946
4042.000000,1.783540,2.688712
6000.000000,2.576838,3.581799
