time,chill-fwd-compile-autotune (ms),flex-fwd-compile-autotune (ms)
128.000000,0.010539,0.009340
2085.000000,0.148029,0.220865
4042.000000,0.259057,0.440899
6000.000000,0.348164,0.582058
