time,chill-fwd-compile-autotune (ms),flex-fwd-compile-autotune (ms)
128.000000,0.010969,0.005070
2085.000000,0.231323,0.232853
4042.000000,0.844923,0.767528
6000.000000,1.536444,1.554919
