time,chill-bwd-compile-autotune (ms),flex-bwd-compile-autotune (ms)
128.000000,0.049091,0.024767
2085.000000,0.642239,0.630908
4042.000000,2.058975,1.788433
6000.000000,3.592421,3.555706
