time,chill-fwd-compile-autotune (ms),flex-fwd-compile-autotune (ms)
128.000000,0.011671,0.005737
2085.000000,0.229108,0.230114
4042.000000,0.844150,0.769707
6000.000000,1.536441,1.539933
