time,chill-bwd-compile-autotune (ms),flex-bwd-compile-autotune (ms)
128.000000,0.058009,0.061147
2085.000000,2.774759,2.924163
4042.000000,9.573013,9.131114
6000.000000,19.575334,17.269516
