time,chill-bwd-compile-autotune (ms),flex-bwd-compile-autotune (ms)
128.000000,0.049654,0.025008
2085.000000,0.795256,0.629890
4042.000000,2.613961,1.787073
6000.000000,5.584068,3.550232
