time,chill-bwd-compile-autotune (ms),flex-bwd-compile-autotune (ms)
128.000000,0.055123,0.062710
2085.000000,0.610341,0.893277
4042.000000,1.141027,1.703473
6000.000000,1.631764,2.323243
