time,chill-fwd-compile-autotune (ms),flex-fwd-compile-autotune (ms)
128.000000,0.038807,0.026864
2096.000000,0.681644,0.684207
4064.000000,1.315328,1.140470
6032.000000,1.942927,1.883170
8000.000000,2.555395,1.998672
