time,chill-fwd-compile-autotune (ms),flex-fwd-compile-autotune (ms)
128.000000,0.011904,0.011773
2085.000000,0.376174,0.400227
4042.000000,1.095267,1.281028
6000.000000,2.270659,2.375098
