time,chill-fwd-compile-autotune (ms),flex-fwd-compile-autotune (ms)
128.000000,0.010500,0.012166
2085.000000,0.100789,0.190564
4042.000000,0.153894,0.354418
6000.000000,0.216670,0.415139
