time,chill-bwd-compile-autotune (ms),flex-bwd-compile-autotune (ms)
128.000000,0.051493,0.065554
2085.000000,0.798995,1.358428
4042.000000,1.513426,2.598461
6000.000000,2.251916,3.577749
