time,chill-fwd-compile-autotune (ms),flex-fwd-compile-autotune (ms)
128.000000,0.060904,0.054974
2096.000000,1.033534,1.780360
4064.000000,1.926042,2.820830
6032.000000,2.882225,4.750807
8000.000000,3.837132,5.383759
