time,chill-bwd-compile-autotune,flex-bwd-compile-autotune
128.000000,2.469888,1.745247
2096.000000,7.740367,8.461683
4064.000000,15.448883,15.948251
6032.000000,22.159985,24.293987
8000.000000,30.856325,30.702389
