time,chill-fwd-compile-autotune (ms),flex-fwd-compile-autotune (ms)
128.000000,0.054284,0.049265
2096.000000,8.072123,3.653968
4064.000000,28.485229,11.480036
6032.000000,62.076146,25.110866
8000.000000,107.987986,41.435201
