time,chill-bwd-compile-autotune (ms),flex-bwd-compile-autotune (ms)
128.000000,0.065475,0.027089
2085.000000,0.633170,0.471304
4042.000000,1.202715,0.853465
6000.000000,2.376641,1.241515
