time,chill-fwd-compile-autotune (ms),flex-fwd-compile-autotune (ms)
128.000000,0.010574,0.004873
2085.000000,0.141908,0.149996
4042.000000,0.482407,0.461917
6000.000000,0.893859,0.869085
