time,chill-bwd-compile-autotune (ms),flex-bwd-compile-autotune (ms)
128.000000,0.054953,0.023728
2085.000000,1.453966,0.634260
4042.000000,5.014466,1.804970
6000.000000,9.800143,3.452480
