time,chill-bwd-compile-autotune (ms),flex-bwd-compile-autotune (ms)
128.000000,0.050696,0.062793
2085.000000,0.792210,1.368961
4042.000000,1.479408,2.639351
6000.000000,2.225579,3.572092
