time,chill-bwd-compile-autotune (ms),flex-bwd-compile-autotune (ms)
128.000000,3.028166,2.316682
2096.000000,36.522614,11.802462
4064.000000,127.388756,41.022669
6032.000000,277.334147,90.627546
8000.000000,477.502579,150.040558
