time,chill-bwd-compile-autotune,flex-bwd-compile-autotune
128.000000,2.192693,1.631605
2096.000000,4.266135,10.311644
4064.000000,7.928273,19.673160
6032.000000,12.104282,30.218955
8000.000000,15.697644,38.903715
