time,chill-fwd-compile-autotune (ms),flex-fwd-compile-autotune (ms)
128.000000,0.010390,0.009437
2085.000000,0.517586,0.547296
4042.000000,1.588711,1.798678
6000.000000,3.308505,3.757860
