time,chill-fwd-compile-autotune (ms),flex-fwd-compile-autotune (ms)
128.000000,0.011560,0.005468
2085.000000,0.390710,0.378952
4042.000000,1.434490,1.281125
6000.000000,2.541796,2.717716
