time,chill-fwd-compile-autotune (ms),flex-fwd-compile-autotune (ms)
128.000000,0.010827,0.005256
2085.000000,0.037042,0.060993
4042.000000,0.065960,0.110219
6000.000000,0.109630,0.146532
