time,chill-bwd-compile-autotune (ms),flex-bwd-compile-autotune (ms)
128.000000,0.063556,0.060891
2085.000000,2.701127,2.920253
4042.000000,8.650033,9.226810
6000.000000,17.472566,17.328336
