time,chill-fwd-compile-autotune (ms),flex-fwd-compile-autotune (ms)
128.000000,0.010818,0.005335
2085.000000,0.371957,0.385095
4042.000000,1.516490,1.299787
6000.000000,2.638709,2.711555
