time,chill-fwd-compile-autotune (ms),flex-fwd-compile-autotune (ms)
128.000000,0.009997,0.009810
2085.000000,0.125750,0.264491
4042.000000,0.199996,0.488364
6000.000000,0.303179,0.636232
