time,chill-bwd-compile-autotune (ms),flex-bwd-compile-autotune (ms)
128.000000,2.860586,2.299511
2096.000000,20.851235,6.967164
4064.000000,70.049174,22.832301
6032.000000,149.299573,49.408084
8000.000000,255.429779,80.815863
