time,chill-bwd-compile-autotune (ms),flex-bwd-compile-autotune (ms)
128.000000,0.053196,0.024748
2085.000000,1.428264,0.630973
4042.000000,4.962694,1.791468
6000.000000,10.053386,3.550426
