time,chill-fwd-compile-autotune (ms),flex-fwd-compile-autotune (ms)
128.000000,0.044906,0.026574
2096.000000,0.698561,0.778284
4064.000000,1.344045,1.397910
6032.000000,1.989002,2.330188
8000.000000,2.616839,2.668840
