time,chill-bwd-compile-autotune (ms),flex-bwd-compile-autotune (ms)
128.000000,0.070923,0.060195
2085.000000,2.909366,2.116711
4042.000000,9.704317,6.568029
6000.000000,23.571660,11.418722
