time,chill-bwd-compile-autotune (ms),flex-bwd-compile-autotune (ms)
128.000000,0.065277,0.059748
2085.000000,1.909372,1.996622
4042.000000,5.854674,6.439467
6000.000000,12.571086,11.203797
