time,chill-bwd-compile-autotune (ms),flex-bwd-compile-autotune (ms)
128.000000,0.048213,0.024849
2085.000000,0.301197,0.297811
4042.000000,0.550571,0.562933
6000.000000,1.187097,0.766195
