time,chill-bwd-compile-autotune (ms),flex-bwd-compile-autotune (ms)
128.000000,0.067823,0.027804
2085.000000,0.447722,0.528935
4042.000000,0.836788,0.990868
6000.000000,2.047264,1.344155
