time,chill-bwd-compile-autotune (ms),flex-bwd-compile-autotune (ms)
128.000000,0.053195,0.063241
2085.000000,2.677620,2.953891
4042.000000,8.797066,9.231739
6000.000000,18.000192,17.323051
