time,chill-bwd-compile-autotune (ms),flex-bwd-compile-autotune (ms)
128.000000,3.096120,2.182532
2096.000000,21.175421,6.992946
4064.000000,70.353548,22.853961
6032.000000,150.147962,48.690549
8000.000000,253.957926,81.463572
