time,chill-fwd-compile-autotune (ms),flex-fwd-compile-autotune (ms)
128.000000,0.010525,0.009492
2085.000000,0.588685,0.540933
4042.000000,1.759473,1.764156
6000.000000,3.684623,3.221800
