time,chill-fwd-compile-autotune (ms),flex-fwd-compile-autotune (ms)
128.000000,0.011276,0.005406
2085.000000,0.229630,0.231941
4042.000000,0.850503,0.765968
6000.000000,1.546815,1.568158
