time,chill-fwd-compile-autotune (ms),flex-fwd-compile-autotune (ms)
128.000000,0.010799,0.011123
2085.000000,0.161710,0.226144
4042.000000,0.248911,0.435607
6000.000000,0.332463,0.613594
