time,chill-fwd-compile-autotune (ms),flex-fwd-compile-autotune (ms)
128.000000,0.010876,0.005323
2085.000000,0.044023,0.053125
4042.000000,0.076983,0.112139
6000.000000,0.117745,0.125218
