time,chill-fwd-compile-autotune (ms),flex-fwd-compile-autotune (ms)
128.000000,0.010509,0.009405
2085.000000,0.524365,0.559665
4042.000000,1.609270,1.821205
6000.000000,3.339480,3.776971
