time,chill-fwd-compile-autotune (ms),flex-fwd-compile-autotune (ms)
128.000000,0.015370,0.011803
2085.000000,0.387464,0.424350
4042.000000,1.104274,1.277565
6000.000000,2.205246,2.341614
