time,chill-bwd-compile-autotune (ms),flex-bwd-compile-autotune (ms)
128.000000,0.065483,0.061964
2085.000000,2.732413,2.949417
4042.000000,8.750416,9.117282
6000.000000,17.319344,17.270023
