time,chill-fwd-compile-autotune (ms),flex-fwd-compile-autotune (ms)
128.000000,0.011314,0.005013
2085.000000,0.230194,0.231648
4042.000000,0.851115,0.767923
6000.000000,1.544191,1.559481
