time,chill-bwd-compile-autotune (ms),flex-bwd-compile-autotune (ms)
128.000000,0.043614,0.064778
2085.000000,0.527716,0.878238
4042.000000,0.979972,1.750998
6000.000000,1.452991,2.310465
