time,chill-bwd-compile-autotune (ms),flex-bwd-compile-autotune (ms)
128.000000,0.061197,0.027670
2085.000000,0.338741,0.531663
4042.000000,0.629401,1.001652
6000.000000,1.530808,1.379239
