time,chill-fwd-compile-autotune (ms),flex-fwd-compile-autotune (ms)
128.000000,0.011090,0.005211
2085.000000,0.037648,0.060935
4042.000000,0.066893,0.110269
6000.000000,0.112315,0.146323
