time,chill-fwd-compile-autotune (ms),flex-fwd-compile-autotune (ms)
128.000000,0.010640,0.005222
2085.000000,0.035623,0.060989
4042.000000,0.063176,0.110362
6000.000000,0.108851,0.146381
