time,chill-fwd-compile-autotune (ms),flex-fwd-compile-autotune (ms)
128.000000,0.012247,0.011709
2085.000000,0.366200,0.425661
4042.000000,1.090954,1.368819
6000.000000,2.296798,2.235666
