time,chill-fwd-compile-autotune (ms),flex-fwd-compile-autotune (ms)
128.000000,0.011571,0.005498
2085.000000,0.071145,0.092405
4042.000000,0.129911,0.174407
6000.000000,0.236086,0.245912
