time,chill-bwd-compile-autotune (ms),flex-bwd-compile-autotune (ms)
128.000000,2.908170,2.303673
2096.000000,5.193595,3.152689
4064.000000,10.007229,6.071795
6032.000000,14.921276,9.555027
8000.000000,19.730914,11.851652
