time,chill-fwd-compile-autotune (ms),flex-fwd-compile-autotune (ms)
128.000000,0.012222,0.005507
2085.000000,0.062446,0.103269
4042.000000,0.114227,0.200667
6000.000000,0.241252,0.277779
