time,chill-bwd-compile-autotune (ms),flex-bwd-compile-autotune (ms)
128.000000,0.054591,0.059348
2085.000000,4.415560,4.810833
4042.000000,15.430656,15.731372
6000.000000,33.746733,31.935890
