time,chill-fwd-compile-autotune (ms),flex-fwd-compile-autotune (ms)
128.000000,0.011306,0.005329
2085.000000,0.400703,0.387135
4042.000000,1.476474,1.307211
6000.000000,2.635170,2.721458
