time,chill-bwd-compile-autotune (ms),flex-bwd-compile-autotune (ms)
128.000000,0.053090,0.064338
2085.000000,2.607797,2.960616
4042.000000,8.526927,9.229705
6000.000000,17.550527,17.323891
