time,chill-fwd-compile-autotune (ms),flex-fwd-compile-autotune (ms)
128.000000,0.011260,0.005123
2085.000000,0.130456,0.146053
4042.000000,0.458691,0.455848
6000.000000,0.918233,0.851873
