time,chill-fwd-compile-autotune (ms),flex-fwd-compile-autotune (ms)
128.000000,0.012129,0.011848
2085.000000,0.121576,0.159638
4042.000000,0.219979,0.320896
6000.000000,0.300484,0.426177
