time,chill-bwd-compile-autotune (ms),flex-bwd-compile-autotune (ms)
128.000000,0.050321,0.025022
2085.000000,0.277778,0.261123
4042.000000,0.514796,0.491982
6000.000000,0.944239,0.640893
