time,chill-fwd-compile-autotune,flex-fwd-compile-autotune
128.000000,0.031501,0.030228
2096.000000,0.473691,0.907630
4064.000000,0.888474,1.720488
6032.000000,1.351447,2.587433
8000.000000,1.724896,3.405905
