time,chill-fwd-compile-autotune (ms),flex-fwd-compile-autotune (ms)
128.000000,0.011536,0.005101
2085.000000,0.234710,0.235050
4042.000000,0.857086,0.767653
6000.000000,1.578051,1.587794
