time,chill-bwd-compile-autotune (ms),flex-bwd-compile-autotune (ms)
128.000000,0.065106,0.062666
2085.000000,0.950713,1.354776
4042.000000,1.803285,2.635104
6000.000000,2.603702,3.597855
