time,chill-fwd-compile-autotune (ms),flex-fwd-compile-autotune (ms)
128.000000,0.013496,0.012063
2085.000000,0.100618,0.176420
4042.000000,0.151624,0.360119
6000.000000,0.216755,0.393274
