time,chill-bwd-compile-autotune (ms),flex-bwd-compile-autotune (ms)
128.000000,0.053082,0.025013
2085.000000,0.415464,0.259765
4042.000000,0.771434,0.489183
6000.000000,1.405255,0.646737
