time,chill-fwd-compile-autotune (ms),flex-fwd-compile-autotune (ms)
128.000000,0.010514,0.009445
2085.000000,0.162883,0.218468
4042.000000,0.253641,0.431082
6000.000000,0.342459,0.577959
