time,chill-bwd-compile-autotune,flex-bwd-compile-autotune
128.000000,2.705349,1.625693
2096.000000,20.937432,7.991548
4064.000000,74.044183,25.596431
6032.000000,159.062546,55.673600
8000.000000,265.447571,92.274300
