time,chill-fwd-compile-autotune (ms),flex-fwd-compile-autotune (ms)
128.000000,0.010654,0.009425
2085.000000,0.162742,0.220721
4042.000000,0.271375,0.435226
6000.000000,0.355165,0.593236
