time,chill-bwd-compile-autotune (ms),flex-bwd-compile-autotune (ms)
128.000000,0.062003,0.025806
2085.000000,1.350189,1.055588
4042.000000,4.407054,3.213743
6000.000000,8.889838,6.297065
