time,chill-bwd-compile-autotune (ms),flex-bwd-compile-autotune (ms)
128.000000,0.054797,0.060830
2085.000000,4.447632,4.725904
4042.000000,15.737384,15.961541
6000.000000,32.381921,32.709554
