time,chill-bwd-compile-autotune (ms),flex-bwd-compile-autotune (ms)
128.000000,0.048973,0.025297
2085.000000,0.301720,0.298660
4042.000000,0.552416,0.563904
6000.000000,1.204227,0.766010
