time,chill-fwd-compile-autotune (ms),flex-fwd-compile-autotune (ms)
128.000000,0.010820,0.004892
2085.000000,0.220593,0.213482
4042.000000,0.790304,0.760518
6000.000000,1.402789,1.544086
