time,chill-bwd-compile-autotune (ms),flex-bwd-compile-autotune (ms)
128.000000,0.055228,0.024011
2085.000000,1.439445,0.626702
4042.000000,4.990047,1.781914
6000.000000,9.983262,3.398171
