time,chill-fwd-compile-autotune (ms),flex-fwd-compile-autotune (ms)
128.000000,0.012035,0.009879
2085.000000,0.119404,0.141403
4042.000000,0.178584,0.278001
6000.000000,0.251365,0.371631
