time,chill-fwd-compile-autotune (ms),flex-fwd-compile-autotune (ms)
128.000000,0.011264,0.005322
2085.000000,0.401314,0.385833
4042.000000,1.617283,1.302010
6000.000000,2.639476,2.589636
