time,chill-bwd-compile-autotune (ms),flex-bwd-compile-autotune (ms)
128.000000,0.069319,0.064600
2085.000000,4.615789,2.918643
4042.000000,16.755118,9.294735
6000.000000,30.943305,17.788627
