time,chill-bwd-compile-autotune (ms),flex-bwd-compile-autotune (ms)
128.000000,3.572409,2.967925
2096.000000,36.056754,18.765703
4064.000000,127.780037,61.714961
6032.000000,277.498098,139.304110
8000.000000,476.200241,228.435829
