time,chill-fwd-compile-autotune (ms),flex-fwd-compile-autotune (ms)
128.000000,0.011333,0.005405
2085.000000,0.053815,0.103813
4042.000000,0.097600,0.201845
6000.000000,0.208514,0.279393
