time,chill-fwd-compile-autotune (ms),flex-fwd-compile-autotune (ms)
128.000000,0.011802,0.005705
2085.000000,0.229942,0.230573
4042.000000,0.848551,0.773621
6000.000000,1.538864,1.540222
