time,chill-fwd-compile-autotune (ms),flex-fwd-compile-autotune (ms)
128.000000,0.011384,0.011878
2085.000000,0.418716,0.441075
4042.000000,1.098396,1.383835
6000.000000,2.299205,2.381228
