time,chill-fwd-compile-autotune (ms),flex-fwd-compile-autotune (ms)
128.000000,0.010548,0.009605
2085.000000,0.130170,0.263114
4042.000000,0.208655,0.470503
6000.000000,0.311873,0.681947
