time,chill-fwd-compile-autotune (ms),flex-fwd-compile-autotune (ms)
128.000000,0.011064,0.008934
2085.000000,0.860473,0.924827
4042.000000,2.966194,3.144275
6000.000000,5.989017,6.307471
