time,chill-bwd-compile-autotune (ms),flex-bwd-compile-autotune (ms)
128.000000,0.070299,0.064548
2085.000000,1.268296,1.129799
4042.000000,2.439355,2.139542
6000.000000,3.572528,2.970655
