time,chill-fwd-compile-autotune (ms),flex-fwd-compile-autotune (ms)
128.000000,0.010734,0.009427
2085.000000,0.148816,0.239399
4042.000000,0.253005,0.427148
6000.000000,0.331620,0.578558
