time,chill-fwd-compile-autotune (ms),flex-fwd-compile-autotune (ms)
128.000000,0.011337,0.005742
2085.000000,0.229000,0.229664
4042.000000,0.847573,0.768538
6000.000000,1.530458,1.534823
