time,chill-fwd-compile-autotune,flex-fwd-compile-autotune
128.000000,0.054086,0.049751
2096.000000,8.154028,3.993884
4064.000000,28.328952,13.018449
6032.000000,61.596435,28.189192
8000.000000,107.676363,47.599393
