time,chill-bwd-compile-autotune (ms),flex-bwd-compile-autotune (ms)
128.000000,0.046926,0.024480
2085.000000,0.723615,0.629038
4042.000000,2.190856,1.782225
6000.000000,3.702203,3.538468
