time,chill-fwd-compile-autotune (ms),flex-fwd-compile-autotune (ms)
128.000000,0.010563,0.009474
2085.000000,0.517379,0.546374
4042.000000,1.521878,1.758218
6000.000000,3.153481,3.665442
