time,chill-bwd-compile-autotune (ms),flex-bwd-compile-autotune (ms)
128.000000,0.053693,0.066180
2085.000000,0.620140,0.881788
4042.000000,1.157743,1.690417
6000.000000,1.633602,2.336117
