time,chill-bwd-compile-autotune (ms),flex-bwd-compile-autotune (ms)
128.000000,0.059713,0.026859
2085.000000,1.288850,1.047693
4042.000000,4.255902,3.179906
6000.000000,9.371151,6.265553
