time,chill-bwd-compile-autotune (ms),flex-bwd-compile-autotune (ms)
128.000000,0.061537,0.027628
2085.000000,0.338792,0.530764
4042.000000,0.631154,1.000813
6000.000000,1.547140,1.381329
