time,chill-bwd-compile-autotune,flex-bwd-compile-autotune
128.000000,2.847915,1.654826
2096.000000,3.306179,3.754518
4064.000000,5.120919,7.000598
6032.000000,7.636369,10.928873
8000.000000,10.001493,14.266932
