time,chill-fwd-compile-autotune,flex-fwd-compile-autotune
128.000000,0.074545,0.046570
2096.000000,8.131402,4.305117
4064.000000,28.398424,12.675906
6032.000000,61.527287,27.640365
8000.000000,107.625379,46.917812
