time,chill-bwd-compile-autotune (ms),flex-bwd-compile-autotune (ms)
128.000000,0.054319,0.026242
2085.000000,1.351677,1.057403
4042.000000,4.383808,3.189631
6000.000000,9.411350,6.302356
