time,chill-bwd-compile-autotune (ms),flex-bwd-compile-autotune (ms)
128.000000,0.053170,0.059208
2085.000000,2.979292,3.171707
4042.000000,10.197094,10.655685
6000.000000,24.796091,20.216232
