time,chill-fwd-compile-autotune (ms),flex-fwd-compile-autotune (ms)
128.000000,0.012394,0.005404
2085.000000,0.054740,0.104075
4042.000000,0.100268,0.202235
6000.000000,0.197916,0.279956
