time,chill-fwd-compile-autotune (ms),flex-fwd-compile-autotune (ms)
128.000000,0.011808,0.005356
2085.000000,0.231877,0.228809
4042.000000,0.844509,0.767053
6000.000000,1.560895,1.532004
