time,chill-fwd-compile-autotune (ms),flex-fwd-compile-autotune (ms)
128.000000,0.010999,0.005115
2085.000000,0.140284,0.146292
4042.000000,0.475900,0.457433
6000.000000,0.828120,0.855830
