time,chill-fwd-compile-autotune (ms),flex-fwd-compile-autotune (ms)
128.000000,0.010540,0.005078
2085.000000,0.139845,0.146250
4042.000000,0.479285,0.456234
6000.000000,0.916298,0.858030
