time,chill-bwd-compile-autotune (ms),flex-bwd-compile-autotune (ms)
128.000000,0.053075,0.059719
2085.000000,1.810018,1.961356
4042.000000,5.759889,6.563641
6000.000000,13.697680,11.318434
