time,chill-bwd-compile-autotune (ms),flex-bwd-compile-autotune (ms)
128.000000,0.046545,0.024027
2085.000000,0.725632,0.623819
4042.000000,2.204314,1.788416
6000.000000,3.727225,3.401962
