time,chill-bwd-compile-autotune (ms),flex-bwd-compile-autotune (ms)
128.000000,0.077404,0.060857
2085.000000,7.455772,4.820117
4042.000000,26.587216,16.035242
6000.000000,58.468016,33.022608
