time,chill-fwd-compile-autotune,flex-fwd-compile-autotune
128.000000,0.031507,0.025017
2096.000000,2.413224,2.097645
4064.000000,8.297154,6.755744
6032.000000,17.422640,14.543624
8000.000000,30.729862,24.411566
