time,chill-bwd-compile-autotune (ms),flex-bwd-compile-autotune (ms)
128.000000,0.067883,0.064115
2085.000000,2.812831,1.938450
4042.000000,9.739434,6.132111
6000.000000,21.453052,11.545877
