time,chill-fwd-compile-autotune (ms),flex-fwd-compile-autotune (ms)
128.000000,0.011983,0.005393
2085.000000,0.055479,0.103918
4042.000000,0.100452,0.202268
6000.000000,0.213338,0.279883
