time,chill-fwd-compile-autotune (ms),flex-fwd-compile-autotune (ms)
128.000000,0.011017,0.005197
2085.000000,0.037532,0.060668
4042.000000,0.066868,0.109439
6000.000000,0.112154,0.146749
