time,chill-fwd-compile-autotune (ms),flex-fwd-compile-autotune (ms)
128.000000,0.010949,0.004993
2085.000000,0.139780,0.145702
4042.000000,0.492707,0.453617
6000.000000,0.855182,0.878760
