time,chill-fwd-compile-autotune (ms),flex-fwd-compile-autotune (ms)
128.000000,0.010838,0.011141
2085.000000,0.132449,0.285595
4042.000000,0.210699,0.500719
6000.000000,0.308622,0.697371
