time,chill-fwd-compile-autotune (ms),flex-fwd-compile-autotune (ms)
128.000000,0.012377,0.005407
2085.000000,0.055476,0.103688
4042.000000,0.100663,0.201238
6000.000000,0.213304,0.278158
