time,chill-fwd-compile-autotune (ms),flex-fwd-compile-autotune (ms)
128.000000,0.011965,0.011791
2085.000000,0.375130,0.400313
4042.000000,1.127653,1.267525
6000.000000,2.338375,2.365431
