time,chill-fwd-compile-autotune (ms),flex-fwd-compile-autotune (ms)
128.000000,0.075452,0.048117
2096.000000,8.166908,4.077428
4064.000000,28.397740,11.238274
6032.000000,62.115689,25.597586
8000.000000,107.820306,41.783421
