time,chill-bwd-compile-autotune (ms),flex-bwd-compile-autotune (ms)
128.000000,0.047726,0.024659
2085.000000,0.292344,0.297702
4042.000000,0.532548,0.562765
6000.000000,1.003682,0.765283
