time,chill-bwd-compile-autotune (ms),flex-bwd-compile-autotune (ms)
128.000000,0.048240,0.024857
2085.000000,0.228143,0.300251
4042.000000,0.413335,0.566351
6000.000000,0.921470,0.769586
