time,chill-bwd-compile-autotune,flex-bwd-compile-autotune
128.000000,2.487697,1.675615
2096.000000,4.828754,10.106626
4064.000000,9.048434,19.221907
6032.000000,13.826613,29.604923
8000.000000,17.874390,38.026646
