time,chill-fwd-compile-autotune (ms),flex-fwd-compile-autotune (ms)
128.000000,0.010870,0.009640
2085.000000,0.168499,0.205934
4042.000000,0.292261,0.412626
6000.000000,0.409638,0.568679
