time,chill-fwd-compile-autotune (ms),flex-fwd-compile-autotune (ms)
128.000000,0.010805,0.005381
2085.000000,0.040817,0.053120
4042.000000,0.073944,0.113070
6000.000000,0.119821,0.125461
