time,chill-fwd-compile-autotune (ms),flex-fwd-compile-autotune (ms)
128.000000,0.010136,0.012321
2085.000000,0.096880,0.190965
4042.000000,0.146986,0.359921
6000.000000,0.208456,0.417177
