time,chill-bwd-compile-autotune (ms),flex-bwd-compile-autotune (ms)
128.000000,0.055077,0.063860
2085.000000,1.006501,1.122191
4042.000000,1.770100,2.139505
6000.000000,2.574574,2.893573
