time,chill-fwd-compile-autotune (ms),flex-fwd-compile-autotune (ms)
128.000000,0.011286,0.010409
2085.000000,0.571032,0.593659
4042.000000,2.278224,1.768681
6000.000000,3.097466,3.685905
