time,chill-fwd-compile-autotune (ms),flex-fwd-compile-autotune (ms)
128.000000,0.010436,0.009699
2085.000000,0.131215,0.266570
4042.000000,0.209223,0.470178
6000.000000,0.309824,0.665410
