time,chill-fwd-compile-autotune (ms),flex-fwd-compile-autotune (ms)
128.000000,0.010866,0.009756
2085.000000,0.131688,0.237077
4042.000000,0.209906,0.459822
6000.000000,0.313464,0.663989
