time,chill-fwd-compile-autotune (ms),flex-fwd-compile-autotune (ms)
128.000000,0.011401,0.005005
2085.000000,0.214391,0.209375
4042.000000,0.785596,0.697677
6000.000000,1.486667,1.537237
