time,chill-bwd-compile-autotune (ms),flex-bwd-compile-autotune (ms)
128.000000,0.047375,0.024989
2085.000000,0.227649,0.299797
4042.000000,0.409644,0.566259
6000.000000,0.925392,0.769353
