time,chill-bwd-compile-autotune (ms),flex-bwd-compile-autotune (ms)
128.000000,0.070910,0.059673
2085.000000,5.572667,3.154206
4042.000000,20.069678,10.660101
6000.000000,38.873110,20.420896
