time,chill-fwd-compile-autotune (ms),flex-fwd-compile-autotune (ms)
128.000000,0.043258,0.024371
2096.000000,1.968420,1.709590
4064.000000,6.104716,5.318145
6032.000000,12.922388,11.870418
8000.000000,21.562506,18.343393
