time,chill-fwd-compile-autotune (ms),flex-fwd-compile-autotune (ms)
128.000000,0.010320,0.009426
2085.000000,0.501293,0.539949
4042.000000,1.505250,1.751105
6000.000000,3.159383,3.632168
