time,chill-bwd-compile-autotune (ms),flex-bwd-compile-autotune (ms)
128.000000,0.049314,0.024139
2085.000000,0.819179,0.626094
4042.000000,2.570075,1.784821
6000.000000,5.574296,3.399214
