time,chill-fwd-compile-autotune (ms),flex-fwd-compile-autotune (ms)
128.000000,0.011059,0.009003
2085.000000,0.504875,0.551564
4042.000000,1.580991,1.829773
6000.000000,3.262038,3.757952
