time,chill-bwd-compile-autotune (ms),flex-bwd-compile-autotune (ms)
128.000000,0.059369,0.064601
2085.000000,0.633835,0.900335
4042.000000,1.191981,1.696396
6000.000000,1.715922,2.329493
