time,chill-bwd-compile-autotune,flex-bwd-compile-autotune
128.000000,2.735099,1.759858
2096.000000,34.245736,13.246922
4064.000000,124.524937,45.425426
6032.000000,275.257965,102.837219
8000.000000,482.874680,172.056250
