time,chill-bwd-compile-autotune (ms),flex-bwd-compile-autotune (ms)
128.000000,0.055332,0.061384
2085.000000,0.918547,1.127956
4042.000000,1.776446,2.110741
6000.000000,2.599432,2.968526
