time,chill-bwd-compile-autotune (ms),flex-bwd-compile-autotune (ms)
128.000000,0.053408,0.063624
2085.000000,1.916360,1.954550
4042.000000,6.033474,6.131479
6000.000000,13.362379,11.146156
