time,chill-bwd-compile-autotune (ms),flex-bwd-compile-autotune (ms)
128.000000,0.050586,0.065072
2085.000000,0.794174,1.355448
4042.000000,1.504863,2.618500
6000.000000,2.216634,3.552413
