time,chill-fwd-compile-autotune (ms),flex-fwd-compile-autotune (ms)
128.000000,0.011195,0.004969
2085.000000,0.130961,0.149942
4042.000000,0.459456,0.457391
6000.000000,0.872628,0.855764
