time,chill-fwd-compile-autotune (ms),flex-fwd-compile-autotune (ms)
128.000000,0.038744,0.022480
2096.000000,3.413052,2.873373
4064.000000,11.547966,9.202037
6032.000000,26.045120,21.023035
8000.000000,44.584553,34.360756
