time,chill-bwd-compile-autotune (ms),flex-bwd-compile-autotune (ms)
128.000000,0.059311,0.027393
2085.000000,0.440331,0.469723
4042.000000,0.828553,0.888629
6000.000000,1.677698,1.245997
