time,chill-fwd-compile-autotune (ms),flex-fwd-compile-autotune (ms)
128.000000,0.010378,0.012091
2085.000000,0.099388,0.176530
4042.000000,0.152677,0.347361
6000.000000,0.219515,0.412711
