time,chill-bwd-compile-autotune (ms),flex-bwd-compile-autotune (ms)
128.000000,0.059964,0.027377
2085.000000,0.437944,0.472266
4042.000000,0.823531,0.889691
6000.000000,1.689008,1.245127
