time,chill-bwd-compile-autotune (ms),flex-bwd-compile-autotune (ms)
128.000000,0.066955,0.062544
2085.000000,0.830105,0.798896
4042.000000,1.564248,1.349830
6000.000000,2.243912,1.901784
