time,chill-bwd-compile-autotune (ms),flex-bwd-compile-autotune (ms)
128.000000,0.068293,0.064303
2085.000000,2.793434,2.058898
4042.000000,9.673245,6.107096
6000.000000,24.400321,11.586895
