time,chill-bwd-compile-autotune (ms),flex-bwd-compile-autotune (ms)
128.000000,0.057708,0.066046
2085.000000,0.630540,0.897805
4042.000000,1.185890,1.677181
6000.000000,1.703421,2.332773
