time,chill-fwd-compile-autotune,flex-fwd-compile-autotune
128.000000,0.034138,0.022870
2096.000000,2.451080,2.012558
4064.000000,8.361646,6.648487
6032.000000,17.629654,14.373679
8000.000000,30.946428,24.376657
