time,chill-bwd-compile-autotune (ms),flex-bwd-compile-autotune (ms)
128.000000,0.063817,0.063943
2085.000000,0.941200,1.356787
4042.000000,1.787042,2.623847
6000.000000,2.581184,3.568038
