time,chill-bwd-compile-autotune (ms),flex-bwd-compile-autotune (ms)
128.000000,0.049951,0.025026
2085.000000,0.250993,0.260585
4042.000000,0.455538,0.490653
6000.000000,0.842492,0.640400
