time,chill-bwd-compile-autotune (ms),flex-bwd-compile-autotune (ms)
128.000000,0.062937,0.026029
2085.000000,2.338087,1.703086
4042.000000,8.016656,5.521211
6000.000000,16.210774,11.353667
