time,chill-fwd-compile-autotune (ms),flex-fwd-compile-autotune (ms)
128.000000,0.040452,0.026545
2096.000000,0.591885,0.770156
4064.000000,1.137636,1.386911
6032.000000,1.683118,2.337089
8000.000000,2.213578,2.660918
