time,chill-fwd-compile-autotune (ms),flex-fwd-compile-autotune (ms)
128.000000,0.010635,0.004854
2085.000000,0.140958,0.150096
4042.000000,0.480430,0.462427
6000.000000,0.885922,0.865963
