time,chill-bwd-compile-autotune,flex-bwd-compile-autotune
128.000000,2.498863,1.511886
2096.000000,2.397369,3.750930
4064.000000,4.536373,7.009621
6032.000000,6.742093,10.947354
8000.000000,8.873415,14.293018
