time,chill-bwd-compile-autotune (ms),flex-bwd-compile-autotune (ms)
128.000000,0.050676,0.063372
2085.000000,1.757324,1.949519
4042.000000,5.604998,6.079685
6000.000000,15.651089,11.478168
