time,chill-fwd-compile-autotune (ms),flex-fwd-compile-autotune (ms)
128.000000,0.010432,0.009419
2085.000000,0.505913,0.557002
4042.000000,1.520986,1.765600
6000.000000,3.190546,3.642011
