time,chill-fwd-compile-autotune (ms),flex-fwd-compile-autotune (ms)
128.000000,0.011094,0.005234
2085.000000,0.038018,0.060952
4042.000000,0.067760,0.110374
6000.000000,0.112766,0.146072
