time,chill-fwd-compile-autotune (ms),flex-fwd-compile-autotune (ms)
128.000000,0.010895,0.011179
2085.000000,0.129049,0.258474
4042.000000,0.210112,0.484483
6000.000000,0.307618,0.687590
