time,chill-bwd-compile-autotune (ms),flex-bwd-compile-autotune (ms)
128.000000,0.064844,0.061052
2085.000000,2.945314,2.953080
4042.000000,8.655660,9.223696
6000.000000,17.563881,17.331821
