time,chill-fwd-compile-autotune (ms),flex-fwd-compile-autotune (ms)
128.000000,0.012848,0.011490
2085.000000,0.642437,0.645926
4042.000000,1.714468,2.089628
6000.000000,3.692086,3.779037
