time,chill-bwd-compile-autotune (ms),flex-bwd-compile-autotune (ms)
128.000000,0.061226,0.025937
2085.000000,2.220091,1.690704
4042.000000,7.753246,5.525126
6000.000000,17.144752,11.308832
