time,chill-bwd-compile-autotune (ms),flex-bwd-compile-autotune (ms)
128.000000,0.048524,0.024120
2085.000000,1.376503,0.978242
4042.000000,4.866794,3.008801
6000.000000,11.216437,6.387670
