time,chill-bwd-compile-autotune (ms),flex-bwd-compile-autotune (ms)
128.000000,0.061906,0.027457
2085.000000,0.535119,0.472262
4042.000000,1.008382,0.886910
6000.000000,1.910290,1.243040
