time,chill-fwd-compile-autotune (ms),flex-fwd-compile-autotune (ms)
128.000000,0.011025,0.004773
2085.000000,0.143504,0.150181
4042.000000,0.496234,0.468761
6000.000000,0.854372,0.886858
