time,chill-fwd-compile-autotune (ms),flex-fwd-compile-autotune (ms)
128.000000,0.011251,0.009192
2085.000000,0.545725,0.552836
4042.000000,1.538150,1.815760
6000.000000,3.186125,3.771215
