time,chill-bwd-compile-autotune (ms),flex-bwd-compile-autotune (ms)
128.000000,0.061312,0.065838
2085.000000,0.934027,1.366285
4042.000000,1.769051,2.619623
6000.000000,2.576708,3.573622
