time,chill-bwd-compile-autotune (ms),flex-bwd-compile-autotune (ms)
128.000000,0.062732,0.027353
2085.000000,1.383310,1.049409
4042.000000,4.426629,3.172828
6000.000000,9.208576,6.264190
