time,chill-fwd-compile-autotune (ms),flex-fwd-compile-autotune (ms)
128.000000,0.011346,0.011828
2085.000000,0.371158,0.401208
4042.000000,1.062703,1.365383
6000.000000,2.191353,2.346403
