time,chill-bwd-compile-autotune (ms),flex-bwd-compile-autotune (ms)
128.000000,0.070432,0.027288
2085.000000,0.640351,0.469545
4042.000000,1.205709,0.888360
6000.000000,2.382232,1.245402
