time,chill-bwd-compile-autotune (ms),flex-bwd-compile-autotune (ms)
128.000000,0.061560,0.027491
2085.000000,0.338579,0.530605
4042.000000,0.631080,0.998274
6000.000000,1.547784,1.380767
