time,chill-bwd-compile-autotune (ms),flex-bwd-compile-autotune (ms)
128.000000,0.071474,0.026140
2085.000000,4.074910,1.712891
4042.000000,14.469626,5.609867
6000.000000,31.427361,11.502096
