time,chill-bwd-compile-autotune (ms),flex-bwd-compile-autotune (ms)
128.000000,0.071309,0.026671
2085.000000,2.209697,1.057301
4042.000000,7.763831,3.205836
6000.000000,16.569638,6.284026
