time,chill-bwd-compile-autotune (ms),flex-bwd-compile-autotune (ms)
128.000000,3.345865,2.428860
2096.000000,20.959977,6.886741
4064.000000,69.808387,22.680206
6032.000000,148.394018,48.546011
8000.000000,251.709473,79.709833
