time,chill-bwd-compile-autotune (ms),flex-bwd-compile-autotune (ms)
128.000000,0.049716,0.024613
2085.000000,0.720286,0.627942
4042.000000,2.214237,1.793016
6000.000000,3.725138,3.551630
