time,chill-fwd-compile-autotune (ms),flex-fwd-compile-autotune (ms)
128.000000,0.010097,0.009681
2085.000000,0.125371,0.260994
4042.000000,0.199572,0.500483
6000.000000,0.299186,0.695722
