time,chill-fwd-compile-autotune (ms),flex-fwd-compile-autotune (ms)
128.000000,0.039139,0.024184
2096.000000,2.115708,1.678670
4064.000000,6.697581,5.269000
6032.000000,14.700867,11.709983
8000.000000,24.786632,18.023007
