time,chill-bwd-compile-autotune (ms),flex-bwd-compile-autotune (ms)
128.000000,0.071098,0.026403
2085.000000,4.052039,1.669569
4042.000000,14.982491,5.532054
6000.000000,31.472886,11.282789
