time,chill-fwd-compile-autotune,flex-fwd-compile-autotune
128.000000,0.054644,0.054095
2096.000000,1.370447,1.280501
4064.000000,2.500465,2.453436
6032.000000,3.855643,3.688406
8000.000000,5.180929,4.631829
