time,chill-bwd-compile-autotune (ms),flex-bwd-compile-autotune (ms)
128.000000,0.058013,0.064060
2085.000000,0.713920,0.990000
4042.000000,1.186226,1.794672
6000.000000,1.703157,2.285251
