time,chill-bwd-compile-autotune (ms),flex-bwd-compile-autotune (ms)
128.000000,0.053157,0.024740
2085.000000,1.437378,0.633761
4042.000000,4.984064,1.820861
6000.000000,9.841035,3.625803
