time,chill-fwd-compile-autotune (ms),flex-fwd-compile-autotune (ms)
128.000000,0.010739,0.009650
2085.000000,0.122673,0.227050
4042.000000,0.211629,0.475649
6000.000000,0.317147,0.677762
