time,chill-bwd-compile-autotune (ms),flex-bwd-compile-autotune (ms)
128.000000,0.061929,0.027341
2085.000000,1.373764,1.050147
4042.000000,4.423084,3.202289
6000.000000,9.111352,6.282766
