time,chill-bwd-compile-autotune (ms),flex-bwd-compile-autotune (ms)
128.000000,0.050963,0.061540
2085.000000,0.611762,0.726889
4042.000000,1.120163,1.322481
6000.000000,1.732890,1.922456
