time,chill-fwd-compile-autotune (ms),flex-fwd-compile-autotune (ms)
128.000000,0.010835,0.005061
2085.000000,0.138116,0.145301
4042.000000,0.477693,0.454396
6000.000000,0.828814,0.860684
