time,chill-fwd-compile-autotune (ms),flex-fwd-compile-autotune (ms)
128.000000,0.011506,0.005395
2085.000000,0.046920,0.052963
4042.000000,0.085666,0.112803
6000.000000,0.138979,0.124660
