time,chill-fwd-compile-autotune (ms),flex-fwd-compile-autotune (ms)
128.000000,0.010851,0.005061
2085.000000,0.138479,0.145824
4042.000000,0.478186,0.456718
6000.000000,0.833208,0.859893
