time,chill-fwd-compile-autotune (ms),flex-fwd-compile-autotune (ms)
128.000000,0.010672,0.004926
2085.000000,0.218524,0.212433
4042.000000,0.785889,0.759358
6000.000000,1.306595,1.540882
