time,chill-bwd-compile-autotune (ms),flex-bwd-compile-autotune (ms)
128.000000,0.050524,0.024949
2085.000000,0.278432,0.261102
4042.000000,0.514757,0.491625
6000.000000,1.086522,0.640866
