time,chill-bwd-compile-autotune (ms),flex-bwd-compile-autotune (ms)
128.000000,0.059510,0.027329
2085.000000,1.289245,1.048194
4042.000000,4.257260,3.178314
6000.000000,9.361963,6.266474
