time,chill-bwd-compile-autotune (ms),flex-bwd-compile-autotune (ms)
128.000000,0.061452,0.062661
2085.000000,0.927479,1.368894
4042.000000,1.753719,2.614820
6000.000000,2.592705,3.597102
