time,chill-fwd-compile-autotune (ms),flex-fwd-compile-autotune (ms)
128.000000,0.011764,0.005468
2085.000000,0.064053,0.092364
4042.000000,0.118478,0.174210
6000.000000,0.234286,0.245694
