time,chill-bwd-compile-autotune (ms),flex-bwd-compile-autotune (ms)
128.000000,3.258708,2.417700
2096.000000,4.535812,3.125689
4064.000000,8.724613,6.025536
6032.000000,12.943134,9.433049
8000.000000,17.085963,11.712956
