time,chill-fwd-compile-autotune (ms),flex-fwd-compile-autotune (ms)
128.000000,0.012196,0.005333
2085.000000,0.234235,0.233404
4042.000000,0.864599,0.780174
6000.000000,1.562353,1.567280
