time,chill-fwd-compile-autotune,flex-fwd-compile-autotune
128.000000,0.031501,0.028110
2096.000000,0.472837,0.906520
4064.000000,0.886248,1.712237
6032.000000,1.349763,2.588098
8000.000000,1.717705,3.405838
