time,chill-fwd-compile-autotune (ms),flex-fwd-compile-autotune (ms)
128.000000,0.011187,0.005464
2085.000000,0.065166,0.092446
4042.000000,0.119952,0.174367
6000.000000,0.221299,0.245821
