time,chill-fwd-compile-autotune (ms),flex-fwd-compile-autotune (ms)
128.000000,0.011269,0.005345
2085.000000,0.228740,0.229623
4042.000000,0.844625,0.769496
6000.000000,1.530072,1.534259
