time,chill-bwd-compile-autotune (ms),flex-bwd-compile-autotune (ms)
128.000000,0.060528,0.027782
2085.000000,0.338998,0.531584
4042.000000,0.631463,1.000037
6000.000000,1.531714,1.348497
