time,chill-fwd-compile-autotune (ms),flex-fwd-compile-autotune (ms)
128.000000,0.011044,0.005175
2085.000000,0.037913,0.060914
4042.000000,0.067847,0.109841
6000.000000,0.112097,0.149296
