time,chill-bwd-compile-autotune (ms),flex-bwd-compile-autotune (ms)
128.000000,0.077001,0.059238
2085.000000,4.561109,2.917045
4042.000000,16.396813,9.256855
6000.000000,30.918250,17.762035
