time,chill-bwd-compile-autotune (ms),flex-bwd-compile-autotune (ms)
128.000000,0.069433,0.064841
2085.000000,4.256198,3.009862
4042.000000,14.965567,9.300245
6000.000000,31.317784,17.819513
