time,chill-bwd-compile-autotune (ms),flex-bwd-compile-autotune (ms)
128.000000,0.062393,0.062957
2085.000000,0.710003,0.721952
4042.000000,1.306414,1.322923
6000.000000,1.965765,1.904433
