time,chill-fwd-compile-autotune (ms),flex-fwd-compile-autotune (ms)
128.000000,0.010931,0.005169
2085.000000,0.037844,0.060939
4042.000000,0.067788,0.110099
6000.000000,0.112632,0.146275
